n,t
10,0.000010
20,0.000018
30,0.000029
40,0.000043
50,0.000062
60,0.000089
70,0.000112
80,0.000144
90,0.000179
100,0.000224
110,0.000269
120,0.000303
130,0.000356
140,0.000341
150,0.000396
160,0.000450
170,0.000510
180,0.000552
190,0.000616
200,0.000671
210,0.000702
220,0.000574
230,0.000556
240,0.000515
250,0.000543
260,0.000553
270,0.000579
280,0.000623
290,0.000655
300,0.000704
310,0.000754
320,0.000799
330,0.000833
340,0.000893
350,0.000940
360,0.000990
370,0.001056
380,0.001212
390,0.001283
400,0.001286
410,0.001310
420,0.001397
430,0.001462
440,0.001739
450,0.002000
460,0.002025
470,0.002081
480,0.002144
490,0.002189
500,0.002657
510,0.002226
520,0.002500
530,0.002406
540,0.002398
550,0.002494
560,0.002749
570,0.002936
580,0.002745
590,0.002845
600,0.003225
610,0.003133
620,0.003702
630,0.003215
640,0.003711
650,0.003603
660,0.003545
670,0.003918
680,0.004193
690,0.004233
700,0.004461
710,0.004498
720,0.004155
730,0.004293
740,0.004929
750,0.005116
760,0.004639
770,0.004951
780,0.004934
790,0.005015
800,0.005129
810,0.005254
820,0.006172
830,0.007162
840,0.005763
850,0.005822
860,0.005906
870,0.006044
880,0.006323
890,0.007179
900,0.006442
910,0.007490
920,0.006670
930,0.007021
940,0.007050
950,0.008194
960,0.008589
970,0.009725
980,0.008792
990,0.008503
1000,0.008529
1010,0.008396
1020,0.008330
1030,0.008476
1040,0.008585
1050,0.009229
1060,0.009163
1070,0.009207
1080,0.010050
1090,0.011546
1100,0.011864
1110,0.012241
1120,0.011520
1130,0.010570
1140,0.010812
1150,0.011138
1160,0.010933
1170,0.013208
1180,0.012874
1190,0.012837
1200,0.014398
1210,0.013141
1220,0.013929
1230,0.013533
1240,0.013802
1250,0.012934
1260,0.013255
1270,0.013669
1280,0.016132
1290,0.016726
1300,0.016369
1310,0.018678
1320,0.016305
1330,0.014850
1340,0.014941
1350,0.015449
1360,0.018130
1370,0.017660
1380,0.016395
1390,0.016719
1400,0.016173
1410,0.016350
1420,0.018499
1430,0.019729
1440,0.017572
1450,0.018347
1460,0.018036
1470,0.018558
1480,0.019340
1490,0.020628
1500,0.020069
1510,0.020279
1520,0.020133
1530,0.020416
1540,0.020168
1550,0.022166
1560,0.020980
1570,0.021349
1580,0.022682
1590,0.021700
1600,0.024116
1610,0.023047
1620,0.023542
1630,0.023124
1640,0.022072
1650,0.024963
1660,0.024982
1670,0.023129
1680,0.023293
1690,0.023813
1700,0.027742
1710,0.024505
1720,0.024119
1730,0.024598
1740,0.026170
1750,0.027796
1760,0.026416
1770,0.026673
1780,0.027161
1790,0.029835
1800,0.026145
1810,0.026879
1820,0.029300
1830,0.029365
1840,0.030841
1850,0.029197
1860,0.028557
1870,0.031318
1880,0.031511
1890,0.029598
1900,0.029245
1910,0.032421
1920,0.031668
1930,0.029988
1940,0.030428
1950,0.035628
1960,0.032122
1970,0.031629
1980,0.033154
1990,0.036374
2000,0.032311
2010,0.034363
2020,0.034248
2030,0.036886
2040,0.037162
2050,0.034328
2060,0.039029
2070,0.035449
2080,0.035246
2090,0.036871
2100,0.038148
2110,0.035915
2120,0.040907
2130,0.039490
2140,0.039010
2150,0.039648
2160,0.040048
2170,0.040563
2180,0.040447
2190,0.040640
2200,0.040410
2210,0.042520
2220,0.042554
2230,0.040479
2240,0.045525
2250,0.041241
2260,0.041640
2270,0.046866
2280,0.042248
2290,0.044739
2300,0.047682
2310,0.045680
2320,0.043248
2330,0.049427
2340,0.044223
2350,0.046002
2360,0.049165
2370,0.046814
2380,0.046881
2390,0.051603
2400,0.048369
2410,0.047667
2420,0.051467
2430,0.049239
2440,0.049582
2450,0.052266
2460,0.049225
2470,0.053454
2480,0.050998
2490,0.052221
2500,0.052381
2510,0.052257
2520,0.054541
2530,0.054227
2540,0.053604
2550,0.054938
2560,0.052103
2570,0.056655
2580,0.055126
2590,0.059495
2600,0.054362
2610,0.059424
2620,0.058265
2630,0.058123
2640,0.058407
2650,0.059771
2660,0.058793
2670,0.060891
2680,0.059799
2690,0.062055
2700,0.058149
2710,0.064034
2720,0.066890
2730,0.063165
2740,0.061712
2750,0.064770
2760,0.061518
2770,0.064428
2780,0.063276
2790,0.067883
2800,0.063879
2810,0.067955
2820,0.065452
2830,0.069877
2840,0.065834
2850,0.068600
2860,0.066909
2870,0.071181
2880,0.067271
2890,0.071965
2900,0.069194
2910,0.071711
2920,0.070472
2930,0.073986
2940,0.070122
2950,0.077312
2960,0.074115
2970,0.077304
2980,0.072006
2990,0.077825
3000,0.075706
3010,0.081590
3020,0.073911
3030,0.079584
3040,0.077088
3050,0.079418
3060,0.077890
3070,0.081043
3080,0.078697
3090,0.083302
3100,0.080244
3110,0.081994
3120,0.079509
3130,0.085566
3140,0.081469
3150,0.085300
3160,0.080474
3170,0.084141
3180,0.082746
3190,0.086780
3200,0.084109
3210,0.087879
3220,0.086065
3230,0.088715
3240,0.087082
3250,0.089979
3260,0.088298
3270,0.091440
3280,0.088431
3290,0.094707
3300,0.090022
3310,0.094677
3320,0.091585
3330,0.095509
3340,0.092504
3350,0.096314
3360,0.090456
3370,0.095900
3380,0.093412
3390,0.104756
3400,0.102391
3410,0.103979
3420,0.101587
3430,0.100176
3440,0.100607
3450,0.103185
3460,0.098093
3470,0.102669
3480,0.098968
3490,0.103476
3500,0.101627
3510,0.102494
3520,0.104374
3530,0.105575
3540,0.103285
3550,0.108196
3560,0.107034
3570,0.104519
3580,0.111791
3590,0.111596
3600,0.111688
3610,0.109250
3620,0.113124
3630,0.112301
3640,0.110399
3650,0.112318
3660,0.113163
3670,0.117185
3680,0.112088
3690,0.115212
3700,0.120479
3710,0.119178
3720,0.116664
3730,0.114980
3740,0.121495
3750,0.118634
3760,0.119937
3770,0.120412
3780,0.123155
3790,0.123161
3800,0.122712
3810,0.123639
3820,0.125082
3830,0.124965
3840,0.124384
3850,0.126057
3860,0.126920
3870,0.133172
3880,0.126727
3890,0.127568
3900,0.133499
3910,0.130706
3920,0.128557
3930,0.130937
3940,0.133247
3950,0.132999
3960,0.134546
3970,0.135079
3980,0.135065
3990,0.136270
4000,0.135764
4010,0.135776
4020,0.137957
4030,0.139680
4040,0.138348
4050,0.139441
4060,0.142057
4070,0.143278
4080,0.142121
4090,0.142012
4100,0.145311
4110,0.143109
4120,0.151272
4130,0.145321
4140,0.146297
4150,0.149078
4160,0.147043
4170,0.147628
4180,0.151615
4190,0.150270
4200,0.149511
4210,0.150209
4220,0.155092
4230,0.153126
4240,0.158788
4250,0.154415
4260,0.157013
4270,0.156693
4280,0.158698
4290,0.153984
4300,0.159643
4310,0.159344
4320,0.156958
4330,0.158554
4340,0.162182
4350,0.163293
4360,0.162631
4370,0.160649
4380,0.168348
4390,0.165297
4400,0.167877
4410,0.183494
4420,0.170579
4430,0.170201
4440,0.168087
4450,0.166844
4460,0.172148
4470,0.175325
4480,0.169693
4490,0.172051
4500,0.175779
4510,0.174851
4520,0.172832
4530,0.172492
4540,0.178609
4550,0.175829
4560,0.185414
4570,0.178340
4580,0.181164
4590,0.185309
4600,0.179820
4610,0.179950
4620,0.182935
4630,0.183097
4640,0.182776
4650,0.182866
4660,0.186229
4670,0.187015
4680,0.187204
4690,0.186212
4700,0.188828
4710,0.187818
4720,0.186251
4730,0.192101
4740,0.193857
4750,0.195478
4760,0.192211
4770,0.190417
4780,0.194052
4790,0.199079
4800,0.192516
4810,0.194628
4820,0.201554
4830,0.199400
4840,0.206150
4850,0.197958
4860,0.200751
4870,0.202050
4880,0.199558
4890,0.201952
4900,0.205357
4910,0.205472
4920,0.203111
4930,0.204088
4940,0.210324
4950,0.217801
4960,0.209050
4970,0.209070
4980,0.214235
4990,0.212923
5000,0.213453
5010,0.214352
5020,0.215613
5030,0.217699
5040,0.216161
5050,0.218827
5060,0.220373
5070,0.223670
5080,0.221458
5090,0.229268
5100,0.231048
5110,0.224867
5120,0.224150
5130,0.222540
5140,0.226812
5150,0.230407
5160,0.225972
5170,0.224721
5180,0.229967
5190,0.230117
5200,0.228117
5210,0.227811
5220,0.235083
5230,0.232537
5240,0.230947
5250,0.235404
5260,0.237200
5270,0.236725
5280,0.238226
5290,0.237736
5300,0.239619
5310,0.240379
5320,0.236845
5330,0.246221
5340,0.242487
5350,0.244294
5360,0.241538
5370,0.242682
5380,0.246485
5390,0.249172
5400,0.246743
5410,0.250262
5420,0.249109
5430,0.249815
5440,0.247971
5450,0.253844
5460,0.253075
5470,0.254760
5480,0.252379
5490,0.258116
5500,0.260924
5510,0.261185
5520,0.256860
5530,0.257693
5540,0.268766
5550,0.265908
5560,0.260945
5570,0.263195
5580,0.268705
5590,0.271331
5600,0.267255
5610,0.266813
5620,0.271119
5630,0.269922
5640,0.271654
5650,0.271318
5660,0.273616
5670,0.273114
5680,0.273248
5690,0.274047
5700,0.276010
5710,0.279334
5720,0.278157
5730,0.277966
5740,0.284546
5750,0.282275
5760,0.280506
5770,0.281298
5780,0.284939
5790,0.285273
5800,0.282204
5810,0.284414
5820,0.291047
5830,0.290426
5840,0.285456
5850,0.287003
5860,0.296400
5870,0.297248
5880,0.294287
5890,0.304867
5900,0.298257
5910,0.296076
5920,0.298662
5930,0.293629
5940,0.338665
5950,0.381678
5960,0.391135
5970,0.383671
5980,0.379432
5990,0.396860
6000,0.309810
6010,0.305069
6020,0.309572
6030,0.310290
6040,0.309990
6050,0.309273
6060,0.313204
6070,0.314046
6080,0.318051
6090,0.310034
6100,0.315442
6110,0.315571
6120,0.312278
6130,0.315093
6140,0.322088
6150,0.325668
6160,0.317600
6170,0.320920
6180,0.327457
6190,0.324094
6200,0.322812
6210,0.325446
6220,0.338771
6230,0.331607
6240,0.331906
6250,0.326271
6260,0.335806
6270,0.332128
6280,0.330790
6290,0.331331
6300,0.335965
6310,0.338071
6320,0.335377
6330,0.339700
6340,0.343587
6350,0.343687
6360,0.340260
6370,0.340573
6380,0.343823
6390,0.344859
6400,0.355683
6410,0.346153
6420,0.348225
6430,0.350447
6440,0.346729
6450,0.348107
6460,0.360060
6470,0.362764
6480,0.353228
6490,0.354504
6500,0.358797
6510,0.362127
6520,0.357280
6530,0.359912
6540,0.365094
6550,0.367540
6560,0.361229
6570,0.362893
6580,0.365284
6590,0.366490
6600,0.367926
6610,0.369892
6620,0.371780
6630,0.372814
6640,0.367022
6650,0.368392
6660,0.374814
6670,0.376280
6680,0.372461
6690,0.373130
6700,0.386166
6710,0.380455
6720,0.376170
6730,0.380108
6740,0.392754
6750,0.383117
6760,0.386246
6770,0.387242
6780,0.389448
6790,0.391460
6800,0.386190
6810,0.388416
6820,0.392751
6830,0.396548
6840,0.401573
6850,0.394380
6860,0.401625
6870,0.402201
6880,0.409891
6890,0.436195
6900,0.423049
6910,0.404450
6920,0.399728
6930,0.400448
6940,0.407351
6950,0.407187
6960,0.405614
6970,0.415922
6980,0.420167
6990,0.419373
7000,0.414738
7010,0.410222
7020,0.430242
7030,0.424299
7040,0.421078
7050,0.425391
7060,0.439639
7070,0.427892
7080,0.420885
7090,0.419561
7100,0.437237
7110,0.425195
7120,0.429283
7130,0.421540
7140,0.430846
7150,0.429944
7160,0.427640
7170,0.430665
7180,0.439476
7190,0.437107
7200,0.431559
7210,0.432220
7220,0.455422
7230,0.439797
7240,0.437579
7250,0.433483
7260,0.444902
7270,0.449169
7280,0.442927
7290,0.445048
7300,0.449127
7310,0.453319
7320,0.445954
7330,0.447725
7340,0.463739
7350,0.458802
7360,0.453060
7370,0.454882
7380,0.460818
7390,0.460093
7400,0.455645
7410,0.457483
7420,0.464180
7430,0.466881
7440,0.466537
7450,0.466221
7460,0.480259
7470,0.469744
7480,0.470503
7490,0.465534
7500,0.474681
7510,0.481242
7520,0.471790
7530,0.469574
7540,0.477915
7550,0.482250
7560,0.477666
7570,0.481284
7580,0.485412
7590,0.488734
7600,0.482660
7610,0.491339
7620,0.505938
7630,0.491778
7640,0.490360
7650,0.491572
7660,0.496425
7670,0.498677
7680,0.498615
7690,0.491055
7700,0.503835
7710,0.497871
7720,0.493997
7730,0.495494
7740,0.506081
7750,0.506103
7760,0.510990
7770,0.502822
7780,0.517883
7790,0.512228
7800,0.508030
7810,0.510128
7820,0.514239
7830,0.518563
7840,0.519840
7850,0.518850
7860,0.523772
7870,0.527730
7880,0.518479
7890,0.526973
7900,0.541102
7910,0.543122
7920,0.537674
7930,0.528324
7940,0.535920
7950,0.534130
7960,0.536122
7970,0.536518
7980,0.549396
7990,0.546319
8000,0.533361
8010,0.543031
8020,0.547907
8030,0.547445
8040,0.537458
8050,0.537726
8060,0.575275
8070,0.550123
8080,0.541960
8090,0.547947
8100,0.552790
8110,0.555455
8120,0.548399
8130,0.567609
8140,0.567041
8150,0.557241
8160,0.551580
8170,0.561469
8180,0.572809
8190,0.570013
8200,0.557367
8210,0.579113
8220,0.571574
8230,0.571617
8240,0.568082
8250,0.568887
8260,0.578333
8270,0.578092
8280,0.576520
8290,0.574879
8300,0.582421
8310,0.580551
8320,0.574178
8330,0.578575
8340,0.583437
8350,0.583715
8360,0.584277
8370,0.591123
8380,0.604800
8390,0.594089
8400,0.585884
8410,0.587521
8420,0.602825
8430,0.600509
8440,0.591486
8450,0.598019
8460,0.606082
8470,0.602142
8480,0.598925
8490,0.596979
8500,0.607541
8510,0.608831
8520,0.603443
8530,0.607555
8540,0.625034
8550,0.626643
8560,0.605461
8570,0.608652
8580,0.630847
8590,0.621535
8600,0.614693
8610,0.625384
8620,0.626110
8630,0.633871
8640,0.619133
8650,0.617561
8660,0.630445
8670,0.633289
8680,0.626219
8690,0.628352
8700,0.643028
8710,0.647525
8720,0.637767
8730,0.633204
8740,0.644538
8750,0.646529
8760,0.637454
8770,0.641509
8780,0.653778
8790,0.652865
8800,0.647454
8810,0.647468
8820,0.660436
8830,0.660924
8840,0.655966
8850,0.647865
8860,0.664661
8870,0.664286
8880,0.662184
8890,0.661781
8900,0.672213
8910,0.681339
8920,0.662219
8930,0.662985
8940,0.673012
8950,0.677093
8960,0.676887
8970,0.668928
8980,0.692246
8990,0.681491
9000,0.674872
9010,0.698628
9020,0.688306
9030,0.697840
9040,0.683465
9050,0.686787
9060,0.697411
9070,0.699904
9080,0.692632
9090,0.690462
9100,0.697326
9110,0.705079
9120,0.704766
9130,0.721008
9140,0.706249
9150,0.722799
9160,0.707034
9170,0.702539
9180,0.712369
9190,0.710301
9200,0.713538
9210,0.703270
9220,0.718508
9230,0.718880
9240,0.707158
9250,0.711336
9260,0.724806
9270,0.734497
9280,0.720177
9290,0.732540
9300,0.733626
9310,0.727456
9320,0.728587
9330,0.728404
9340,0.746686
9350,0.751130
9360,0.731709
9370,0.734519
9380,0.753694
9390,0.741977
9400,0.742553
9410,0.741503
9420,0.758224
9430,0.760371
9440,0.765292
9450,0.745815
9460,0.768239
9470,0.760478
9480,0.748635
9490,0.752566
9500,0.765189
9510,0.761869
9520,0.760221
9530,0.756771
9540,0.767745
9550,0.770536
9560,0.773471
9570,0.768891
9580,0.773775
9590,0.775638
9600,0.764136
9610,0.771299
9620,0.785707
9630,0.800973
9640,0.775114
9650,0.781003
9660,0.795530
9670,0.790886
9680,0.793590
9690,0.788009
9700,0.808301
9710,0.805906
9720,0.790150
9730,0.792413
9740,0.885561
9750,0.823724
9760,0.804640
9770,0.798435
9780,0.814330
9790,0.813729
9800,0.814219
9810,0.807394
9820,0.815003
9830,0.828631
9840,0.819207
9850,0.816552
9860,0.827478
9870,0.850166
9880,0.819377
9890,0.825809
9900,0.829555
9910,0.832922
9920,0.836540
9930,0.824650
9940,0.836440
9950,0.849144
9960,0.836974
9970,0.834565
9980,0.851679
9990,0.849548
10000,0.846572
10010,0.837228
10020,0.858702
10030,0.858832
10040,0.854059
10050,0.850717
10060,0.852903
10070,0.865558
10080,0.861284
10090,0.846317
10100,0.865969
10110,0.863852
10120,0.852848
10130,0.859259
10140,0.889319
10150,0.885615
10160,0.875643
10170,0.871550
10180,0.879128
10190,0.879718
10200,0.864544
10210,0.871034
10220,0.888411
10230,0.891911
10240,0.875930
10250,0.885745
10260,0.887213
10270,0.906779
10280,0.889232
10290,0.881932
10300,0.905696
10310,0.891551
10320,0.877432
10330,0.902541
10340,0.894540
10350,0.900830
10360,0.888124
10370,0.893139
10380,0.902828
10390,0.911119
10400,0.899653
10410,0.897432
10420,0.916505
10430,0.914141
10440,0.900097
10450,0.907185
10460,0.915909
10470,0.915944
10480,0.910608
10490,0.915431
10500,0.921085
10510,0.933400
10520,0.922670
10530,0.915749
10540,0.940821
10550,0.930209
10560,0.923923
10570,0.934622
10580,0.943153
10590,0.943109
10600,0.938488
10610,0.941721
10620,0.951778
10630,0.949418
10640,0.939013
10650,0.947864
10660,0.951982
10670,0.964078
10680,0.946032
10690,0.944406
10700,0.970048
10710,0.964112
10720,0.956720
10730,0.964077
10740,0.974663
10750,0.970082
10760,0.954931
10770,0.959774
10780,0.978691
10790,0.982360
10800,0.971650
10810,0.974757
10820,0.981446
10830,0.991060
10840,0.981227
10850,0.976698
10860,0.994180
10870,1.005111
10880,0.977425
10890,0.987055
10900,0.999572
10910,1.003921
10920,1.015046
10930,0.981998
10940,1.009619
10950,1.007822
10960,1.003519
10970,0.992040
10980,1.005683
10990,1.007921
11000,1.008700
11010,1.012490
11020,1.019490
11030,1.034402
11040,1.007332
11050,1.018800
11060,1.026356
11070,1.026092
11080,1.014614
11090,1.025516
11100,1.029745
11110,1.048117
11120,1.018228
11130,1.019537
11140,1.040833
11150,1.043490
11160,1.040144
11170,1.027890
11180,1.051581
11190,1.049251
11200,1.048993
11210,1.044175
11220,1.061674
11230,1.050761
11240,1.043436
11250,1.049484
11260,1.074231
11270,1.069842
11280,1.057606
11290,1.065807
11300,1.070966
11310,1.074548
11320,1.070460
11330,1.068023
11340,1.087437
11350,1.072443
11360,1.070960
11370,1.067334
11380,1.087316
11390,1.098158
11400,1.085620
11410,1.090093
11420,1.093206
11430,1.102211
11440,1.084922
11450,1.081647
11460,1.109880
11470,1.106913
11480,1.096167
11490,1.093289
11500,1.115055
11510,1.115416
11520,1.090436
11530,1.093435
11540,1.112995
11550,1.114703
11560,1.109415
11570,1.109768
11580,1.122801
11590,1.127282
11600,1.124736
11610,1.126207
11620,1.131435
11630,1.139522
11640,1.112944
11650,1.122135
11660,1.146797
11670,1.149377
11680,1.126753
11690,1.124506
11700,1.155892
11710,1.152558
11720,1.142223
11730,1.142719
11740,1.160841
11750,1.186297
11760,1.142607
11770,1.149572
11780,1.159863
11790,1.171414
11800,1.142272
11810,1.150980
11820,1.182851
11830,1.180187
11840,1.161572
11850,1.154793
11860,1.185025
11870,1.178593
11880,1.176979
11890,1.176836
11900,1.189360
11910,1.196246
11920,1.183045
11930,1.181213
11940,1.198866
11950,1.195410
11960,1.187492
11970,1.187129
11980,1.210468
11990,1.200878
12000,1.197736
12010,1.188314
12020,1.218593
12030,1.208771
12040,1.189853
12050,1.191605
12060,1.220292
12070,1.221930
12080,1.224456
12090,1.207907
12100,1.223395
12110,1.246511
12120,1.216192
12130,1.229535
12140,1.232823
12150,1.240096
12160,1.228268
12170,1.220800
12180,1.241682
12190,1.243819
12200,1.234690
12210,1.225547
12220,1.251437
12230,1.249654
12240,1.246233
12250,1.263663
12260,1.270335
12270,1.262271
12280,1.254567
12290,1.266629
12300,1.271836
12310,1.278735
12320,1.268101
12330,1.270339
12340,1.286550
12350,1.278547
12360,1.259744
12370,1.282852
12380,1.291586
12390,1.300517
12400,1.273796
12410,1.283236
12420,1.301286
12430,1.298498
12440,1.284670
12450,1.290098
12460,1.299803
12470,1.311036
12480,1.287851
12490,1.292279
12500,1.306535
12510,1.312457
12520,1.311265
12530,1.304681
12540,1.330852
12550,1.331208
12560,1.295623
12570,1.304242
12580,1.339894
12590,1.336119
12600,1.310150
12610,1.314458
12620,1.337782
12630,1.350258
12640,1.340943
12650,1.327288
12660,1.351363
12670,1.360116
12680,1.333195
12690,1.332873
12700,1.368110
12710,1.360281
12720,1.331620
12730,1.333928
12740,1.375547
12750,1.371400
12760,1.346677
12770,1.360560
12780,1.379450
12790,1.368178
12800,1.358349
12810,1.358834
12820,1.382608
12830,1.383308
12840,1.368889
12850,1.383724
12860,1.400987
12870,1.397169
12880,1.377855
12890,1.386233
12900,1.398018
12910,1.403628
12920,1.379753
12930,1.378130
12940,1.415490
12950,1.406958
12960,1.381948
12970,1.405863
12980,1.411136
12990,1.419289
13000,1.395594
13010,1.436327
13020,1.417204
13030,1.419422
13040,1.405154
13050,1.406501
13060,1.439285
13070,1.423767
13080,1.424479
13090,1.422653
13100,1.441229
13110,1.448734
13120,1.435031
13130,1.434509
13140,1.452450
13150,1.451351
13160,1.438464
13170,1.447880
13180,1.461384
13190,1.451653
13200,1.442945
13210,1.449773
13220,1.455793
13230,1.481452
13240,1.451203
13250,1.444366
13260,1.485490
13270,1.501789
13280,1.456204
13290,1.470365
13300,1.485522
13310,1.493156
13320,1.472481
13330,1.467513
13340,1.502065
13350,1.526044
13360,1.480551
13370,1.483319
13380,1.505023
13390,1.498770
13400,1.497646
13410,1.497512
13420,1.522737
13430,1.502652
13440,1.492409
13450,1.509791
13460,1.508024
13470,1.525323
13480,1.504593
13490,1.522880
13500,1.518787
13510,1.518460
13520,1.513633
13530,1.517432
13540,1.533603
13550,1.533639
13560,1.540754
13570,1.532060
13580,1.546726
13590,1.548371
13600,1.535652
13610,1.526081
13620,1.554108
13630,1.587935
13640,1.535158
13650,1.534377
13660,1.573917
13670,1.572852
13680,1.538588
13690,1.549130
13700,1.576856
13710,1.568709
13720,1.553693
13730,1.568617
13740,1.584538
13750,1.579133
13760,1.568689
13770,1.576593
13780,1.589407
13790,1.591888
13800,1.575651
13810,1.582135
13820,1.599629
13830,1.604552
13840,1.581547
13850,1.588122
13860,1.619492
13870,1.648094
13880,1.595156
13890,1.592115
13900,1.620673
13910,1.633533
13920,1.618203
13930,1.626406
13940,1.631030
13950,1.628326
13960,1.617055
13970,1.620353
13980,1.637366
13990,1.645930
14000,1.627132
14010,1.657476
14020,1.661877
14030,1.671991
14040,1.636116
14050,1.637700
14060,1.668671
14070,1.688534
14080,1.653635
14090,1.638203
14100,1.700881
14110,1.671252
14120,1.647841
14130,1.660488
14140,1.680340
14150,1.672829
14160,1.672674
14170,1.661306
14180,1.679279
14190,1.686867
14200,1.670212
14210,1.686228
14220,1.703966
14230,1.710390
14240,1.675736
14250,1.683306
14260,1.712790
14270,1.723859
14280,1.706126
14290,1.696544
14300,1.723040
14310,1.741550
14320,1.706607
14330,1.701945
14340,1.721231
14350,1.735641
14360,1.710880
14370,1.712477
14380,1.743381
14390,1.741505
14400,1.715089
14410,1.744573
14420,1.773020
14430,1.754378
14440,1.730200
14450,1.743410
14460,1.749187
14470,1.764813
14480,1.732634
14490,1.728727
14500,1.764619
14510,1.761950
14520,1.736749
14530,1.752472
14540,1.785871
14550,1.770078
14560,1.769327
14570,1.781877
14580,1.790341
14590,1.792926
14600,1.781705
14610,1.777991
14620,1.795015
14630,1.807674
14640,1.770477
14650,1.761362
14660,1.802095
14670,1.805573
14680,1.770914
14690,1.800020
14700,1.817092
14710,1.812058
14720,1.796553
14730,1.815678
14740,1.817753
14750,1.832173
14760,1.798905
14770,1.804859
14780,1.850727
14790,1.826423
14800,1.805888
14810,1.819797
14820,1.829373
14830,1.846643
14840,1.841524
14850,1.823943
14860,1.851795
14870,1.867800
14880,1.832974
14890,1.827855
14900,1.867702
14910,1.865996
14920,1.842969
14930,1.850198
14940,1.871389
14950,1.877636
14960,1.851716
14970,1.865575
14980,1.888983
14990,1.880764
15000,1.860544
15010,1.878531
15020,1.886039
15030,1.880420
15040,1.886378
15050,1.884064
15060,1.914155
15070,1.922325
15080,1.899802
15090,1.876538
15100,1.936748
15110,1.931518
15120,1.896271
15130,1.911420
15140,1.937153
15150,1.931325
15160,1.908114
15170,1.904873
15180,1.936291
15190,1.943684
15200,1.909388
15210,1.929661
15220,1.934631
15230,1.938070
15240,1.915400
15250,1.920977
15260,1.959184
15270,1.946905
15280,1.921381
15290,1.935200
15300,1.969512
15310,1.974771
15320,1.944307
15330,1.929727
15340,1.971362
15350,1.978635
15360,1.961944
15370,1.957595
15380,1.971276
15390,1.989427
15400,1.962414
15410,2.006044
15420,2.016750
15430,2.009719
15440,1.970924
15450,1.989840
15460,2.018657
15470,2.008544
15480,1.987098
15490,1.999413
15500,2.033871
15510,2.034933
15520,2.007382
15530,1.998357
15540,2.055631
15550,2.022952
15560,2.012882
15570,2.030132
15580,2.065914
15590,2.034908
15600,2.023389
15610,2.033884
15620,2.057814
15630,2.046065
15640,2.033066
15650,2.036937
15660,2.081273
15670,2.082233
15680,2.022646
15690,2.042776
15700,2.071946
15710,2.083531
15720,2.062129
15730,2.041754
15740,2.070055
15750,2.086089
15760,2.057515
15770,2.061723
15780,2.096603
15790,2.087286
15800,2.065031
15810,2.074021
15820,2.112951
15830,2.100464
15840,2.079955
15850,2.092154
15860,2.112886
15870,2.109438
15880,2.083598
15890,2.087836
15900,2.124248
15910,2.140702
15920,2.089978
15930,2.104778
15940,2.126159
15950,2.145684
15960,2.100517
15970,2.114069
15980,2.142637
15990,2.160687
16000,2.117276
16010,2.106638
16020,2.152303
16030,2.163525
16040,2.128476
16050,2.154473
16060,2.174245
16070,2.168898
16080,2.142918
16090,2.140393
16100,2.178566
16110,2.183601
16120,2.160358
16130,2.156149
16140,2.167661
16150,2.205199
16160,2.160024
16170,2.154808
16180,2.215611
16190,2.199912
16200,2.172030
16210,2.161550
16220,2.208086
16230,2.217676
16240,2.186270
16250,2.186380
16260,2.201211
16270,2.224906
16280,2.192493
16290,2.197292
16300,2.226815
16310,2.227130
16320,2.223496
16330,2.231482
16340,2.236231
16350,2.251008
16360,2.213021
16370,2.226876
16380,2.237352
16390,2.245830
16400,2.228775
16410,2.221146
16420,2.271366
16430,2.261338
16440,2.257227
16450,2.244755
16460,2.275051
16470,2.270820
16480,2.248912
16490,2.254741
16500,2.282753
16510,2.283411
16520,2.264481
16530,2.290733
16540,2.337229
16550,2.292883
16560,2.395036
16570,2.255897
16580,2.317874
16590,2.308651
16600,2.315897
16610,2.304588
16620,2.326261
16630,2.329329
16640,2.302278
16650,2.306657
16660,2.352301
16670,2.337387
16680,2.316176
16690,2.319177
16700,2.350563
16710,2.348166
16720,2.299123
16730,2.309009
16740,2.378862
16750,2.383597
16760,2.322100
16770,2.347152
16780,2.355789
16790,2.389976
16800,2.327235
16810,2.340736
16820,2.385276
16830,2.378919
16840,2.357491
16850,2.346442
16860,2.393345
16870,2.390175
16880,2.378525
16890,2.381464
16900,2.396660
16910,2.406025
16920,2.379062
16930,2.380528
16940,2.413977
16950,2.415438
16960,2.391058
16970,2.398587
16980,2.432934
16990,2.429882
17000,2.401096
17010,2.385797
17020,2.443182
17030,2.454158
17040,2.422143
17050,2.411718
17060,2.440250
17070,2.433911
17080,2.413677
17090,2.426543
17100,2.439743
17110,2.467758
17120,2.452249
17130,2.442572
17140,2.465660
17150,2.470278
17160,2.466945
17170,2.435968
17180,2.483732
17190,2.465490
17200,2.451659
17210,2.430154
17220,2.496263
17230,2.498766
17240,2.464727
17250,2.455165
17260,2.514126
17270,2.495822
17280,2.472085
17290,2.488120
17300,2.509204
17310,2.529849
17320,2.483707
17330,2.492747
17340,2.521123
17350,2.532499
17360,2.509560
17370,2.490934
17380,2.530139
17390,2.546476
17400,2.543895
17410,2.529563
17420,2.556016
17430,2.550427
17440,2.505182
17450,2.519702
17460,2.587899
17470,2.564135
17480,2.552747
17490,2.531105
17500,2.588760
17510,2.567651
17520,2.559940
17530,2.547651
17540,2.581678
17550,2.578478
17560,2.563447
17570,2.546452
17580,2.589900
17590,2.610940
17600,2.578527
17610,2.556880
17620,2.601349
17630,2.629227
17640,2.636272
17650,2.608816
17660,2.665569
17670,2.643397
17680,2.603922
17690,2.592747
17700,2.638047
17710,2.647547
17720,2.611633
17730,2.608725
17740,2.650021
17750,2.669662
17760,2.666102
17770,2.596621
17780,2.683510
17790,2.674306
17800,2.646121
17810,2.631189
17820,2.664604
17830,2.696308
17840,2.646689
17850,2.629003
17860,2.684127
17870,2.714512
17880,2.656820
17890,2.655298
17900,2.687288
17910,2.697405
17920,2.681378
17930,2.679180
17940,2.782147
17950,2.713386
17960,2.677851
17970,2.695646
17980,2.724692
17990,2.727985
18000,2.667490
18010,2.706410
18020,2.738738
18030,2.735237
18040,2.700573
18050,2.696987
18060,2.748543
18070,2.742612
18080,2.733615
18090,2.720018
18100,2.752085
18110,2.737827
18120,2.734649
18130,2.732667
18140,2.769798
18150,2.759349
18160,2.741986
18170,2.728323
18180,2.795603
18190,2.775241
18200,2.760810
18210,2.749671
18220,2.774004
18230,2.798779
18240,2.759620
18250,2.758260
18260,2.803559
18270,2.809208
18280,2.762521
18290,2.750257
18300,2.828738
18310,2.819010
18320,2.808546
18330,2.776594
18340,2.823245
18350,2.862606
18360,2.791470
18370,2.816939
18380,2.831427
18390,2.852627
18400,2.805819
18410,2.817591
18420,2.844387
18430,2.869073
18440,2.833247
18450,2.819871
18460,2.908245
18470,2.870700
18480,2.823119
18490,2.838155
18500,2.874380
18510,2.891352
18520,2.873658
18530,2.891844
18540,2.887186
18550,3.009841
18560,2.938840
18570,2.861380
18580,2.962657
18590,2.945981
18600,2.882064
18610,2.879314
18620,2.924822
18630,2.928696
18640,2.910270
18650,2.896880
18660,2.942183
18670,2.936670
18680,2.906928
18690,2.923568
18700,2.916071
18710,2.944046
18720,2.932913
18730,2.947620
18740,2.963605
18750,2.991533
18760,2.926369
18770,2.926341
18780,2.974974
18790,2.983437
18800,2.927740
18810,2.915519
18820,3.000438
18830,2.982675
18840,2.946186
18850,2.954278
18860,2.985373
18870,2.977942
18880,2.950535
18890,2.959139
18900,3.032465
18910,3.011732
18920,2.972794
18930,2.975003
18940,3.028701
18950,3.033860
18960,2.971510
18970,2.967637
18980,3.027744
18990,3.033024
19000,3.002204
19010,3.006816
19020,3.041079
19030,3.030631
19040,3.012617
19050,3.025158
19060,3.047584
19070,3.037737
19080,3.012186
19090,3.041038
19100,3.060615
19110,3.071247
19120,3.053091
19130,3.037440
19140,3.092439
19150,3.079346
19160,3.021618
19170,3.044365
19180,3.093896
19190,3.092923
19200,3.056856
19210,3.095463
19220,3.133317
19230,3.116911
19240,3.085346
19250,3.084984
19260,3.128719
19270,3.134232
19280,3.095214
19290,3.111642
19300,3.137027
19310,3.168541
19320,3.092877
19330,3.124034
19340,3.159355
19350,3.156881
19360,3.118153
19370,3.122711
19380,3.149152
19390,3.152204
19400,3.195108
19410,3.157848
19420,3.243072
19430,3.234823
19440,3.141622
19450,3.182982
19460,3.203270
19470,3.228026
19480,3.192564
19490,3.178260
19500,3.216815
19510,3.224570
19520,3.181658
19530,3.165251
19540,3.211727
19550,3.192255
19560,3.288327
19570,3.204841
19580,3.226746
19590,3.238862
19600,3.170886
19610,3.184587
19620,3.244770
19630,3.242883
19640,3.204430
19650,3.199636
19660,3.255719
19670,3.262173
19680,3.221102
19690,3.237533
19700,3.246175
19710,3.244546
19720,3.252757
19730,3.244436
19740,3.295947
19750,3.367552
19760,3.240077
19770,3.225334
19780,3.306012
19790,3.279322
19800,3.250986
19810,3.265423
19820,3.296339
19830,3.304891
19840,3.267773
19850,3.273084
19860,3.307616
19870,3.348990
19880,3.276368
19890,3.291481
19900,3.334626
19910,3.342149
19920,3.288592
19930,3.297137
19940,3.346719
19950,3.342497
19960,3.305462
19970,3.302846
19980,3.348209
19990,3.358826
20000,3.351705
20010,3.320185
20020,3.438116
20030,3.405310
20040,3.340088
20050,3.348028
20060,3.390041
20070,3.403442
20080,3.366123
20090,3.356211
20100,3.420217
20110,3.417284
20120,3.388911
20130,3.362770
20140,3.433631
20150,3.403957
20160,3.390465
20170,3.399395
20180,3.495511
20190,3.519955
20200,3.413829
20210,3.435791
20220,3.495550
20230,3.459915
20240,3.448438
20250,3.443719
20260,3.505451
20270,3.500449
20280,3.462796
20290,3.395495
20300,3.492936
20310,3.462924
20320,3.425500
20330,3.447839
20340,3.524935
20350,3.523417
20360,3.519424
20370,3.433734
20380,3.496134
20390,3.493359
20400,3.479218
20410,3.466885
20420,3.540211
20430,3.518782
20440,3.481444
20450,3.490451
20460,3.508714
20470,3.541492
20480,3.472285
20490,3.475062
20500,3.583549
20510,3.588672
20520,3.499159
20530,3.504192
20540,3.542860
20550,3.570914
20560,3.506508
20570,3.507173
20580,3.561546
20590,3.580326
20600,3.523163
20610,3.536010
20620,3.589272
20630,3.576353
20640,3.534763
20650,3.566130
20660,3.613661
20670,3.764061
20680,3.539374
20690,3.549957
20700,3.608083
20710,3.623406
20720,3.558558
20730,3.611593
20740,3.627981
20750,3.674038
20760,3.586445
20770,3.603880
20780,3.672436
20790,3.667146
20800,3.624440
20810,3.609229
20820,3.664126
20830,3.718176
20840,3.606254
20850,3.602845
20860,3.772664
20870,3.654560
20880,3.604497
20890,3.655332
20900,3.718964
20910,3.728212
20920,3.656017
20930,3.668381
20940,3.711054
20950,3.723597
20960,3.683707
20970,3.639348
20980,3.767949
20990,3.721903
21000,3.682591
21010,3.713750
21020,3.771267
21030,3.790459
21040,3.742889
21050,3.700842
21060,3.731550
21070,3.757639
21080,3.721303
21090,3.685009
21100,3.742429
21110,3.772858
21120,3.708240
21130,3.702637
21140,3.766041
21150,3.774723
21160,3.751548
21170,3.711354
21180,3.822945
21190,3.862755
21200,3.741226
21210,3.760999
21220,3.798848
21230,3.793654
21240,3.766041
21250,3.754235
21260,3.810475
21270,3.861382
21280,3.779646
21290,3.765071
21300,3.823244
21310,3.817458
21320,3.802094
21330,3.794574
21340,3.853877
21350,3.872976
21360,3.796552
21370,3.804197
21380,3.895667
21390,3.870746
21400,3.793865
21410,3.850737
21420,3.915466
21430,3.907073
21440,3.840512
21450,3.897963
21460,4.013413
21470,3.890025
21480,3.842891
21490,3.840278
21500,3.914320
21510,3.905385
21520,3.876417
21530,3.862371
21540,4.005061
21550,3.966225
21560,3.906559
21570,3.907666
21580,4.006163
21590,4.051496
21600,3.928432
21610,3.892049
21620,3.985055
21630,3.986363
21640,3.913342
21650,3.927503
21660,4.002487
21670,4.007784
21680,3.930096
21690,3.941714
21700,4.032071
21710,3.996920
21720,3.936674
21730,3.941496
21740,4.026299
21750,3.988283
21760,3.944880
21770,3.953048
21780,4.036747
21790,4.002554
21800,3.945185
21810,3.947840
21820,4.035074
21830,4.041425
21840,4.014648
21850,3.968421
21860,4.038089
21870,4.032404
21880,3.980706
21890,3.974983
21900,4.023580
21910,4.034082
21920,3.982462
21930,4.020738
21940,4.082486
21950,4.069994
21960,3.998074
21970,4.000784
21980,4.080048
21990,4.076354
22000,4.051101
22010,4.001397
22020,4.105872
22030,4.118543
22040,4.099143
22050,4.033908
22060,4.098778
22070,4.127356
22080,4.117754
22090,4.076653
22100,4.159467
22110,4.176264
22120,4.133192
22130,4.085030
22140,4.160421
22150,4.138842
22160,4.113724
22170,4.132008
22180,4.383644
22190,4.221638
22200,4.181602
22210,4.164459
22220,4.231081
22230,4.240009
22240,4.258121
22250,4.185070
22260,4.229565
22270,4.260428
22280,4.166996
22290,4.180829
22300,4.228068
22310,4.274644
22320,4.163564
22330,4.162293
22340,4.235290
22350,4.270709
22360,4.171022
22370,4.172297
22380,4.228327
22390,4.247580
22400,4.163680
22410,4.166971
22420,4.230105
22430,4.288840
22440,4.185772
22450,4.205801
22460,4.286191
22470,4.284040
22480,4.214633
22490,4.197693
22500,4.289903
22510,4.258783
22520,4.187344
22530,4.235945
22540,4.282014
22550,4.289301
22560,4.231316
22570,4.235183
22580,4.273710
22590,4.288048
22600,4.234322
22610,4.257978
22620,4.337374
22630,4.359592
22640,4.252533
22650,4.256867
22660,4.331541
22670,4.342977
22680,4.266496
22690,4.289968
22700,4.356898
22710,4.371157
22720,4.296900
22730,4.282381
22740,4.333234
22750,4.344682
22760,4.298636
22770,4.304089
22780,4.362938
22790,4.394369
22800,4.295371
22810,4.330910
22820,4.372714
22830,4.392693
22840,4.325302
22850,4.336967
22860,4.409985
22870,4.390760
22880,4.344279
22890,4.365549
22900,4.458060
22910,4.452721
22920,4.372253
22930,4.342413
22940,4.440322
22950,4.435317
22960,4.384066
22970,4.370658
22980,4.475135
22990,4.542365
23000,4.449358
23010,4.431582
23020,4.520549
23030,4.500882
23040,4.428268
23050,4.448320
23060,4.565989
23070,4.502764
23080,4.450466
23090,4.472911
23100,4.621528
23110,4.595852
23120,4.519446
23130,4.469694
23140,4.533177
23150,4.621674
23160,4.489318
23170,4.512358
23180,4.521034
23190,4.589072
23200,4.505573
23210,4.546894
23220,4.574858
23230,4.543347
23240,4.502563
23250,4.514049
23260,4.663518
23270,4.768419
23280,4.508840
23290,4.555615
23300,4.696281
23310,4.690017
23320,4.498332
23330,4.508832
23340,4.579289
23350,4.600075
23360,4.498257
23370,4.508285
23380,4.591684
23390,4.564578
23400,4.496169
23410,4.495661
23420,4.569132
23430,4.574406
23440,4.515106
23450,4.525765
23460,4.584031
23470,4.604663
23480,4.542396
23490,4.551654
23500,4.628541
23510,4.622390
23520,4.548144
23530,4.541963
23540,4.620795
23550,4.631577
23560,4.606113
23570,4.578154
23580,4.661197
23590,4.660408
23600,4.597528
23610,4.594190
23620,4.686443
23630,4.649897
23640,4.617995
23650,4.604334
23660,4.710750
23670,4.792716
23680,4.644172
23690,4.621723
23700,4.695686
23710,4.700741
23720,4.640867
23730,4.602541
23740,4.693276
23750,4.700952
23760,4.654324
23770,4.657056
23780,4.748415
23790,4.791387
23800,4.649635
23810,4.679714
23820,4.756390
23830,4.760828
23840,4.667912
23850,4.702216
23860,4.762925
23870,4.768092
23880,4.708476
23890,4.694581
23900,4.781346
23910,4.793548
23920,4.743757
23930,4.722832
23940,4.796554
23950,4.772618
23960,4.733604
23970,4.738844
23980,4.820283
23990,4.823693
24000,4.754707
24010,4.751027
24020,4.841152
24030,4.814119
24040,4.774993
24050,4.755768
24060,4.819977
24070,4.836063
24080,4.788859
24090,4.760335
24100,4.863209
24110,4.873209
24120,4.780921
24130,4.799717
24140,4.887208
24150,4.867252
24160,4.802915
24170,4.814403
24180,4.888811
24190,4.922094
24200,4.837462
24210,4.845443
24220,4.925835
24230,5.008948
24240,4.831140
24250,4.870899
24260,4.909900
24270,4.932916
24280,4.851243
24290,4.871550
24300,4.912993
24310,4.966657
24320,4.894833
24330,4.875278
24340,4.982335
24350,4.937567
24360,4.877710
24370,4.888132
24380,4.950228
24390,5.001198
24400,4.908548
24410,4.923328
24420,4.978766
24430,4.988985
24440,4.959675
24450,4.962480
24460,5.005111
24470,5.056165
24480,4.952061
24490,4.941105
24500,4.997893
24510,5.009505
24520,4.958045
24530,4.964431
24540,5.055803
24550,5.051196
24560,4.978528
24570,4.982875
24580,5.118833
24590,5.043339
24600,4.970473
24610,4.984329
24620,5.061598
24630,5.072624
24640,4.982830
24650,5.032324
24660,5.091894
24670,5.094873
24680,5.034260
24690,5.055165
24700,5.098203
24710,5.118115
24720,5.029765
24730,5.043438
24740,5.123599
24750,5.133498
24760,5.052581
24770,5.138039
24780,5.190101
24790,5.292186
24800,5.089689
24810,5.094868
24820,5.146898
24830,5.178086
24840,5.050047
24850,5.083080
24860,5.150580
24870,5.169331
24880,5.108270
24890,5.116162
24900,5.195152
24910,5.234242
24920,5.138243
24930,5.113021
24940,5.206453
24950,5.218583
24960,5.142166
24970,5.128454
24980,5.205813
24990,5.206667
25000,5.179499
25010,5.160512
25020,5.243677
25030,5.249881
25040,5.167304
25050,5.198306
25060,5.242649
25070,5.257981
25080,5.187482
25090,5.184041
25100,5.262015
25110,5.256700
25120,5.220296
25130,5.269339
25140,5.339109
25150,5.326025
25160,5.258268
25170,5.228158
25180,5.292055
25190,5.317716
25200,5.262159
25210,5.280320
25220,5.294612
25230,5.312103
25240,5.239592
25250,5.252317
25260,5.311720
25270,5.343689
25280,5.272215
25290,5.302743
25300,5.383996
25310,5.379928
25320,5.275867
25330,5.281575
25340,5.378131
25350,5.367830
25360,5.319660
25370,5.295915
25380,5.413405
25390,5.421031
25400,5.353689
25410,5.346606
25420,5.477052
25430,5.420393
25440,5.360373
25450,5.361098
25460,5.430410
25470,5.434078
25480,5.332269
25490,5.356232
25500,5.417399
25510,5.443329
25520,5.365124
25530,5.360431
25540,5.439137
25550,5.454850
25560,5.391371
25570,5.393913
25580,5.477035
25590,5.540299
25600,5.400758
25610,5.432720
25620,5.490791
25630,5.478426
25640,5.403442
25650,5.417207
25660,5.513324
25670,5.536772
25680,5.433940
25690,5.456007
25700,5.559694
25710,5.565900
25720,5.455759
25730,5.460293
25740,5.580291
25750,5.602826
25760,5.492289
25770,5.481661
25780,5.598022
25790,5.555912
25800,5.481319
25810,5.484977
25820,5.558363
25830,5.589975
25840,5.504228
25850,5.643021
25860,5.649333
25870,5.666084
25880,5.585508
25890,5.637792
25900,5.765959
25910,5.781307
25920,5.592914
25930,5.674915
25940,5.755050
25950,5.649782
25960,5.566317
25970,5.557273
25980,5.676342
25990,5.654905
26000,5.625202
26010,5.619208
26020,5.695196
26030,5.705804
26040,5.587325
26050,5.622805
26060,5.693952
26070,5.705530
26080,5.605435
26090,5.606627
26100,5.696970
26110,5.733691
26120,5.632657
26130,5.660821
26140,5.775641
26150,5.724299
26160,5.644328
26170,5.750769
26180,5.819270
26190,5.761771
26200,5.651595
26210,5.658118
26220,5.782103
26230,5.743082
26240,5.688335
26250,5.692132
26260,5.833646
26270,5.806120
26280,5.711404
26290,5.707004
26300,5.803136
26310,5.956497
26320,5.704456
26330,5.753287
26340,5.805325
26350,5.792261
26360,5.778106
26370,5.743514
26380,5.856791
26390,5.842876
26400,5.776635
26410,5.760622
26420,5.852247
26430,5.863285
26440,5.781531
26450,5.770863
26460,5.863912
26470,5.914991
26480,5.798814
26490,5.803908
26500,5.909975
26510,5.878584
26520,5.882528
26530,5.811984
26540,5.875347
26550,5.905974
26560,5.807992
26570,5.834599
26580,5.967974
26590,6.060018
26600,5.861265
26610,5.839634
26620,5.940655
26630,5.990887
26640,5.873581
26650,5.904683
26660,5.976227
26670,6.006972
26680,5.904758
26690,5.870545
26700,6.011757
26710,5.999343
26720,5.897752
26730,5.889199
26740,5.992277
26750,6.095185
26760,5.949388
26770,5.937682
26780,6.018429
26790,6.031218
26800,5.980361
26810,5.925937
26820,6.055258
26830,6.132921
26840,6.004580
26850,5.967540
26860,6.054652
26870,6.034283
26880,5.946232
26890,5.967283
26900,6.055283
26910,6.054618
26920,5.976068
26930,5.985539
26940,6.092905
26950,6.081514
26960,5.991611
26970,6.030033
26980,6.134574
26990,6.089429
27000,6.034456
27010,6.042328
27020,6.137385
27030,6.131302
27040,6.023512
27050,6.065192
27060,6.132651
27070,6.146376
27080,6.049233
27090,6.055927
27100,6.132068
27110,6.159793
27120,6.075672
27130,6.110250
27140,6.298749
27150,6.219869
27160,6.151566
27170,6.149825
27180,6.297554
27190,6.192343
27200,6.105704
27210,6.231113
27220,6.208521
27230,6.249876
27240,6.166525
27250,6.142912
27260,6.217736
27270,6.241475
27280,6.141863
27290,6.181285
27300,6.286256
27310,6.293650
27320,6.162840
27330,6.160485
27340,6.315914
27350,6.264343
27360,6.273005
27370,6.218684
27380,6.380894
27390,6.375302
27400,6.313072
27410,6.304244
27420,6.546981
27430,6.321501
27440,6.233041
27450,6.219740
27460,6.308216
27470,6.338500
27480,6.276081
27490,6.254869
27500,6.387570
27510,6.373074
27520,6.264735
27530,6.287208
27540,6.440803
27550,6.376199
27560,6.261359
27570,6.293016
27580,6.412661
27590,6.409056
27600,6.295276
27610,6.298982
27620,6.379545
27630,6.368050
27640,6.303713
27650,6.310670
27660,6.390226
27670,6.415332
27680,6.332680
27690,6.339623
27700,6.430730
27710,6.432105
27720,6.357821
27730,6.377713
27740,6.464434
27750,6.528983
27760,6.439580
27770,6.381975
27780,6.502893
27790,6.518868
27800,6.428141
27810,6.397448
27820,6.515261
27830,6.532807
27840,6.472604
27850,6.409200
27860,6.505163
27870,6.553195
27880,6.447880
27890,6.439641
27900,6.532650
27910,6.509782
27920,6.459832
27930,6.461751
27940,6.576920
27950,6.687611
27960,6.457296
27970,6.494324
27980,6.669730
27990,6.962497
28000,6.493559
28010,6.500970
28020,6.583625
28030,6.585074
28040,6.565594
28050,6.491122
28060,6.616006
28070,6.638513
28080,6.509871
28090,6.568689
28100,6.673566
28110,6.632748
28120,6.567553
28130,6.566143
28140,6.629665
28150,6.682054
28160,6.595489
28170,6.578250
28180,6.726947
28190,6.674011
28200,6.768250
28210,6.680821
28220,6.870499
28230,6.972089
28240,6.658203
28250,6.657317
28260,6.860044
28270,6.773616
28280,6.647046
28290,6.713385
28300,6.766869
28310,6.729003
28320,6.668827
28330,6.637326
28340,6.797133
28350,6.787003
28360,6.648455
28370,6.667639
28380,6.804834
28390,6.783214
28400,6.711280
28410,6.691593
28420,6.816941
28430,6.862010
28440,6.692959
28450,6.721638
28460,6.818318
28470,6.891657
28480,6.792108
28490,6.731427
28500,6.899635
28510,6.790626
28520,6.717120
28530,6.729733
28540,6.833111
28550,6.935617
28560,6.764231
28570,6.759992
28580,6.932209
28590,6.978139
28600,6.805919
28610,6.801648
28620,6.897637
28630,6.921548
28640,6.767731
28650,6.818813
28660,7.048297
28670,7.062195
28680,6.820291
28690,6.833033
28700,6.944018
28710,6.986349
28720,6.826096
28730,6.831685
28740,7.011177
28750,7.225915
28760,6.945600
28770,6.983678
28780,7.042700
28790,6.968545
28800,6.857569
28810,6.961647
28820,7.016151
28830,7.086154
28840,6.911490
28850,6.882725
28860,6.990891
28870,6.980236
28880,6.925534
28890,6.899617
28900,6.975744
28910,7.003507
28920,6.921419
28930,6.919148
28940,7.080343
28950,7.036646
28960,6.950313
28970,6.938094
28980,7.041576
28990,7.047958
29000,6.938183
29010,6.953929
29020,7.065845
29030,7.097411
29040,6.974873
29050,6.990301
29060,7.101684
29070,7.077179
29080,7.003335
29090,7.011633
29100,7.114812
29110,7.112731
29120,7.026226
29130,7.032006
29140,7.100150
29150,7.122299
29160,7.091961
29170,7.149976
29180,7.327689
29190,7.445238
29200,7.277101
29210,7.082869
29220,7.273383
29230,7.492482
29240,7.264660
29250,7.225110
29260,7.260857
29270,7.342673
29280,7.304487
29290,7.392758
29300,7.515692
29310,7.486615
29320,7.442196
29330,7.332756
29340,7.418005
29350,7.594219
29360,7.237169
29370,7.251399
29380,7.431323
29390,7.638237
29400,7.389243
29410,7.305169
29420,7.610223
29430,7.546794
29440,7.275798
29450,7.609115
29460,7.301040
29470,7.459039
29480,7.349944
29490,7.393677
29500,7.477055
29510,7.604276
29520,7.319051
29530,7.236015
29540,7.508209
29550,7.585779
29560,7.368059
29570,7.335802
29580,7.480893
29590,7.408452
29600,7.340281
29610,7.505260
29620,7.670745
29630,7.610224
29640,7.513905
29650,7.416743
29660,7.537031
29670,7.554932
29680,7.443341
29690,7.490110
29700,7.745427
29710,8.070023
29720,7.601808
29730,7.441981
29740,7.726311
29750,7.792015
29760,7.373070
29770,7.328534
29780,7.589604
29790,7.665418
29800,7.571334
29810,7.466881
29820,7.605818
29830,7.623961
29840,7.458416
29850,7.589733
29860,7.797518
29870,7.833942
29880,7.544930
29890,7.460007
29900,7.513636
29910,7.619442
29920,7.524363
29930,7.754329
29940,7.980032
29950,7.992862
29960,7.776295
29970,7.659551
29980,7.795533
29990,7.992515
30000,7.772824
30010,7.734545
30020,8.175879
30030,7.951541
30040,7.713381
30050,7.587378
30060,7.665385
30070,7.602641
30080,8.076886
30090,8.161381
30100,8.619824
30110,8.544867
30120,7.592228
30130,7.566273
30140,7.660475
30150,7.848422
30160,8.360297
30170,8.580376
30180,8.623733
30190,9.456381
30200,7.612991
30210,7.585297
30220,7.712188
30230,8.010296
30240,8.003162
30250,7.963976
30260,8.308068
30270,8.678261
30280,7.953161
30290,7.603272
30300,7.802093
30310,8.000532
30320,7.800452
30330,7.731037
30340,8.100067
30350,8.185216
30360,7.772288
30370,7.927818
30380,7.924342
30390,8.027336
30400,7.830244
30410,7.797788
30420,8.440333
30430,8.264070
30440,7.744044
30450,7.888809
30460,8.081187
30470,8.142986
30480,7.879377
30490,8.096230
30500,8.543590
30510,7.908652
30520,7.844378
30530,7.977070
30540,8.024505
30550,8.103572
30560,7.860994
30570,7.930829
30580,7.954443
30590,8.161316
30600,8.274376
30610,7.961191
30620,8.284928
30630,8.283889
30640,7.972033
30650,8.079026
30660,8.276614
30670,8.460432
30680,8.039818
30690,8.070210
30700,8.263996
30710,8.308042
30720,8.038363
30730,8.083881
30740,8.421309
30750,8.223291
30760,8.084871
30770,8.059372
30780,8.138483
30790,8.081853
30800,8.253612
30810,8.019144
30820,8.579475
30830,8.226255
30840,8.023320
30850,8.168264
30860,8.115249
30870,8.040599
30880,8.032243
30890,8.020376
30900,8.396228
30910,8.256676
30920,8.028598
30930,8.435199
30940,8.782596
30950,9.153100
30960,8.422376
30970,8.835177
30980,8.346819
30990,8.502979
31000,8.242433
31010,8.287027
31020,8.597643
31030,8.375913
31040,8.152237
31050,8.215156
31060,8.481231
31070,8.544680
31080,8.234189
31090,8.386969
31100,8.948941
31110,8.972826
31120,8.345423
31130,8.402895
31140,8.669749
31150,8.538399
31160,8.241334
31170,8.057575
31180,8.301684
31190,8.311232
31200,8.325705
31210,8.253213
31220,8.426325
31230,8.251813
31240,8.105569
31250,8.117003
31260,8.226712
31270,8.232747
31280,8.289565
31290,8.422342
31300,8.687012
31310,8.661242
31320,8.275967
31330,8.471395
31340,8.659345
31350,8.593341
31360,8.311368
31370,8.335656
31380,8.620014
31390,8.737689
31400,8.428854
31410,8.431036
31420,8.587443
31430,8.635429
31440,8.454470
31450,8.588219
31460,10.992630
31470,11.037347
31480,10.589444
31490,10.373038
31500,11.167449
31510,11.054653
31520,10.624240
31530,10.525397
31540,10.957255
31550,11.023501
31560,10.505748
31570,10.288865
31580,11.216620
31590,10.861338
31600,10.598756
31610,10.673419
31620,11.219984
31630,11.287495
31640,10.752294
31650,10.687514
31660,11.407539
31670,11.232849
31680,10.844237
31690,10.855326
31700,10.961102
31710,11.247334
31720,10.389728
31730,10.564672
31740,9.644935
31750,11.158400
31760,10.500232
31770,10.608661
31780,11.456046
31790,11.079759
31800,10.656890
31810,10.668718
31820,11.522698
31830,11.543573
31840,11.075439
31850,10.835578
31860,11.289548
31870,11.382276
31880,10.860030
31890,10.839698
31900,10.100729
31910,8.993741
31920,8.817561
31930,8.781605
31940,8.957511
31950,9.085259
31960,8.792420
31970,8.810174
31980,9.083341
31990,9.085057
32000,8.862407
32010,8.787677
32020,9.047816
32030,9.050245
32040,8.779465
32050,8.757283
32060,9.083610
32070,9.224125
32080,9.057466
32090,8.947131
32100,9.073773
32110,9.067730
32120,9.072948
32130,9.198507
32140,9.176575
32150,9.124173
32160,8.851354
32170,8.887846
32180,9.100129
32190,9.066309
32200,8.851845
32210,8.857116
32220,9.089029
32230,9.147930
32240,8.942978
32250,9.021521
32260,9.147404
32270,9.185733
32280,8.872590
32290,8.969001
32300,9.400420
32310,9.433173
32320,9.150746
32330,9.106127
32340,9.231143
32350,9.234280
32360,9.054921
32370,9.084452
32380,9.128442
32390,9.423279
32400,9.148752
32410,9.063458
32420,9.317132
32430,9.404723
32440,9.100794
32450,9.104505
32460,9.503456
32470,9.390053
32480,9.147605
32490,9.105952
32500,9.477916
32510,9.374607
32520,9.085973
32530,9.096319
32540,9.437987
32550,9.254326
32560,9.075794
32570,9.124682
32580,9.348612
32590,9.540363
32600,9.147111
32610,9.195157
32620,9.490971
32630,9.250753
32640,9.075441
32650,9.282439
32660,9.577520
32670,9.532497
32680,9.187915
32690,9.277562
32700,9.441780
32710,9.570432
32720,9.223326
32730,9.162906
32740,9.586684
32750,9.769767
32760,9.034027
32770,9.525602
32780,9.378913
32790,9.563845
32800,9.277861
32810,9.288743
32820,9.897681
32830,9.728724
32840,9.035890
32850,8.985313
32860,9.463756
32870,9.655716
32880,9.368723
32890,9.275873
32900,9.602244
32910,9.631677
32920,9.561256
32930,9.394150
32940,9.688492
32950,9.812113
32960,9.346637
32970,9.353655
32980,9.840759
32990,9.662193
33000,9.440111
33010,9.567206
33020,9.819470
33030,9.932316
33040,9.438068
33050,9.447587
33060,9.685111
33070,9.525521
33080,9.264128
33090,9.573650
33100,9.598549
33110,9.790717
33120,9.570146
33130,9.295939
33140,9.866938
33150,9.783246
33160,9.357458
33170,9.575623
33180,9.866053
33190,9.903831
33200,9.422890
33210,9.727523
33220,10.150816
33230,9.988910
33240,9.675825
33250,9.543915
33260,9.934421
33270,9.639389
33280,9.707301
33290,9.765191
33300,10.083824
33310,10.059171
33320,9.435082
33330,9.527661
33340,9.934354
33350,9.978020
33360,9.623255
33370,9.659403
33380,10.118508
33390,10.002944
33400,9.626358
33410,9.887485
33420,10.145657
33430,10.050763
33440,9.600042
33450,9.607500
33460,9.963614
33470,9.953979
33480,9.744254
33490,9.722407
33500,10.176690
33510,9.978093
33520,9.675312
33530,9.568926
33540,10.176411
33550,10.015504
33560,9.778177
33570,9.695243
33580,10.179862
33590,10.120242
33600,9.905303
33610,9.846306
33620,10.243777
33630,10.110689
33640,9.664894
33650,9.772883
33660,10.066991
33670,10.048913
33680,10.032144
33690,9.815341
33700,10.115073
33710,10.181520
33720,9.759940
33730,9.742864
33740,9.928987
33750,9.985103
33760,9.967646
33770,9.829252
33780,10.159403
33790,10.149504
33800,9.862728
33810,10.143792
33820,10.380603
33830,10.669199
33840,10.177073
33850,10.007556
33860,10.042378
33870,10.235161
33880,9.966702
33890,9.983261
33900,10.294112
33910,10.282439
33920,9.774259
33930,9.880242
33940,10.302408
33950,10.360361
33960,10.035070
33970,9.998060
33980,10.379880
33990,10.306464
34000,9.737532
34010,9.705853
34020,9.928531
34030,10.025693
34040,10.115171
34050,10.383547
34060,10.224460
34070,10.394137
34080,10.257443
34090,10.099914
34100,10.616632
34110,9.984574
34120,9.942718
34130,10.045308
34140,10.559803
34150,10.573469
34160,10.057948
34170,10.206248
34180,10.777976
34190,10.634870
34200,10.167598
34210,10.104177
34220,10.499946
34230,10.606047
34240,10.151248
34250,10.184001
34260,10.535840
34270,10.652703
34280,10.179246
34290,10.031951
34300,10.580060
34310,10.513084
34320,10.002592
34330,10.215303
34340,10.585370
34350,10.631600
34360,10.232261
34370,10.154328
34380,10.659315
34390,10.535727
34400,10.365975
34410,10.224626
34420,10.342528
34430,10.487945
34440,10.316753
34450,10.391158
34460,10.895621
34470,10.807196
34480,10.313081
34490,10.141316
34500,10.660974
34510,10.728537
34520,10.330798
34530,10.262125
34540,10.360269
34550,10.530021
34560,10.510968
34570,10.513920
34580,10.863587
34590,10.659359
34600,10.613640
34610,10.372590
34620,11.150613
34630,10.684332
34640,10.380347
34650,10.424888
34660,10.812991
34670,10.840636
34680,10.490483
34690,10.418372
34700,10.829990
34710,10.763333
34720,10.432044
34730,10.976479
34740,11.055345
34750,11.008284
34760,10.485792
34770,10.665163
34780,11.095713
34790,10.932806
34800,10.703384
34810,10.608769
34820,10.943950
34830,10.936630
34840,10.585746
34850,10.613315
34860,11.017237
34870,10.893179
34880,10.589014
34890,10.721628
34900,11.015360
34910,11.114662
34920,10.776223
34930,10.869795
34940,11.200359
34950,11.413332
34960,11.088554
34970,11.051314
34980,11.578402
34990,11.541149
35000,11.244326
35010,11.431784
35020,12.120348
35030,12.235925
35040,12.087282
35050,12.126393
35060,12.654962
35070,12.728204
35080,12.178143
35090,12.288720
35100,12.704788
35110,12.913600
35120,12.407803
35130,12.634383
35140,13.260344
35150,13.403153
35160,12.770974
35170,12.556949
35180,13.006754
35190,13.227680
35200,12.701451
35210,12.667894
35220,13.767552
35230,13.376498
35240,12.876154

